{
    "anxiety_model": {
        "architecture": "64-32-16",
        "regularization": "L2(0.001), Dropout(0.3,0.3,0.2)",
        "accuracy": 0.9501661129568106,
        "precision": 0.983957219251337,
        "recall": 0.9387755102040817,
        "f1_score": 0.9608355091383812,
        "roc_auc": 0.9905247813411079,
        "training_epochs": 100,
        "best_val_accuracy": 0.9534883499145508
    },
    "suicide_model": {
        "architecture": "32-16-8",
        "regularization": "L2(0.01), Dropout(0.4,0.4,0.3)",
        "accuracy": 0.8837209302325582,
        "precision": 0.7522123893805309,
        "recall": 0.9239130434782609,
        "f1_score": 0.8292682926829268,
        "roc_auc": 0.9606823382567091,
        "training_epochs": 150,
        "best_val_accuracy": 0.9102990031242371
    },
    "dataset_info": {
        "total_samples": 1503,
        "features": 9,
        "anxiety_positive": 980,
        "anxiety_percentage": 65.20292747837658,
        "suicide_positive": 459,
        "suicide_percentage": 30.538922155688624
    },
    "training_history": {
        "anxiety_final_loss": 0.24094566702842712,
        "anxiety_final_val_loss": 0.16459853947162628,
        "suicide_final_loss": 0.4310300052165985,
        "suicide_final_val_loss": 0.33886829018592834
    }
}